n_processes,avg_execution_time
1,1.540804375
2,0.9710076249999999
4,0.75433125
8,0.7143068749999999
