,n_processes,avg_execution_time
0,1,6.51127025
1,2,3.6412552499999995
2,4,6.305537375
3,8,31.344816625
