,n_processes,avg_execution_time
0,1,1.540804375
1,2,0.9710076249999999
2,4,0.75433125
3,8,0.7143068749999999
