,n_processes,avg_execution_time
0,1,0.00018775
1,2,0.0004655
2,4,0.001582875
3,8,0.002516375
