,n_processes,avg_execution_time
0,1,0.00016887499999999997
1,2,0.00040762500000000006
2,4,0.0015026249999999996
3,8,0.002262625
