n_processes,avg_execution_time
1,6.51127025
2,3.6412552499999995
4,6.305537375
8,31.344816625
