,n_processes,avg_execution_time
0,1,0.013483124999999999
1,2,0.010186124999999999
2,4,0.011494375
3,8,0.015344875
