,n_processes,avg_execution_time
0,1,0.02572
1,2,0.014588124999999999
2,4,0.012949500000000001
3,8,0.020310750000000002
