n_tasks,parallel,distributed,serial
1,0.001205125,0.000102625,6.575e-05
2,0.0013263749999999999,0.000216875,6.575e-05
4,0.001458125,0.000282625,6.575e-05
8,0.0025689999999999997,0.00035175,6.575e-05
