n_tasks,parallel,distributed,serial
1,0.001258625,0.000102625,6.575e-05
2,0.0013481249999999997,0.000216875,6.575e-05
4,0.0016161250000000002,0.000282625,6.575e-05
8,0.001938375,0.00035175,6.575e-05
