n_tasks,parallel,distributed,serial
1,1.1299913750000001,1.18245625,0.8780735
2,0.61323525,0.59609275,0.8780735
4,0.351631375,0.291171125,0.8780735
8,0.21223312499999997,0.1392735,0.8780735
