n_tasks,parallel,distributed,serial
1,5.1983317499999995,1.18245625,0.8780735
2,3.697990125,0.59609275,0.8780735
4,3.047414,0.291171125,0.8780735
8,3.127869125,0.1392735,0.8780735
