n_tasks,parallel,distributed,serial
1,0.0013895000000000001,0.000102625,6.575e-05
2,0.0057903749999999995,0.000216875,6.575e-05
4,0.013032499999999999,0.000282625,6.575e-05
8,0.032202375,0.00035175,6.575e-05
