n_tasks,parallel,distributed,serial
1,0.01237025,0.009386,0.006062
2,0.008963625000000001,0.0053681250000000005,0.006062
4,0.010777624999999999,0.0034244999999999996,0.006062
8,0.0130475,0.0025797499999999996,0.006062
