n_tasks,parallel,distributed,serial
1,0.02681625,0.009386,0.006062
2,0.061429375,0.0053681250000000005,0.006062
4,0.13434175,0.0034244999999999996,0.006062
8,0.25529,0.0025797499999999996,0.006062
