n_tasks,parallel,distributed
1,1.0,1.0
2,0.6712807804340358,1.7484689719408544
4,0.3959137377705137,2.7408380785516138
8,0.15580106901459975,3.6383370481635824
