n_tasks,parallel,distributed
1,0.052239547124838616,0.6406820950060901
2,0.048771441817338904,0.3031700288184438
4,0.04068373424085389,0.232640424590889
8,0.033920165086735024,0.1869225302061123
