n_tasks,parallel,distributed
1,0.054558655741105695,0.6406820950060901
2,0.04957119969842617,0.3031700288184438
4,0.045092156022288894,0.232640424590889
8,0.025593616193071236,0.1869225302061123
