n_tasks,parallel,distributed
1,0.04731917956099316,0.6406820950060901
2,0.011355050406925287,0.3031700288184438
4,0.005045079608670631,0.232640424590889
8,0.0020417748690896246,0.1869225302061123
