n_tasks,parallel,distributed
1,1.0,1.0
2,1.3552418878618113,1.9836782950304295
4,1.1504852261442347,4.061035413453172
8,0.608074350278244,8.490174010131145
