n_tasks,parallel,distributed
1,0.4900466845860027,0.6458555295120392
2,0.6762888898185722,1.1292583537082312
4,0.5624615812853018,1.7701854285297125
8,0.4646100785591109,2.34984010078496
