n_tasks,parallel,distributed
1,1.0,1.0
2,0.6460625309140137,0.47319884726224787
4,0.3406728567584932,0.36311366651923926
8,0.14851989984248654,0.2917555081734186
