n_tasks,parallel,distributed
1,0.7668539828747369,0.7425843450867632
2,1.4312660632108614,1.4730484475779986
4,2.54730763707676,3.0156613228732763
8,4.178434681435895,6.304670306985894
