n_tasks,parallel,distributed
1,0.1689144791499696,0.7425843450867632
2,0.23744614515432216,1.4730484475779986
4,0.2881372534220818,3.0156613228732763
8,0.28072578004682336,6.304670306985894
