n_tasks,parallel,distributed
1,0.48420464076041375,0.6458555295120392
2,0.7090991504730155,1.1292583537082312
4,0.5443728531980333,1.7701854285297125
8,0.3536885096451884,2.34984010078496
