n_tasks,parallel,distributed
1,0.22605696173029413,0.6458555295120392
2,0.0986824300263514,1.1292583537082312
4,0.04512372363766289,1.7701854285297125
8,0.023745544282972302,2.34984010078496
