n_tasks,parallel,distributed
1,0.7770621258060486,0.7425843450867632
2,1.4318705586477618,1.4730484475779986
4,2.4971420710111545,3.0156613228732763
8,4.137306558530861,6.304670306985894
